pickup_community_area,dropoff_community_area,trips
14,19,2107
14,24,5370
29,29,2759
29,25,313
41,44,1693
41,71,608
41,35,3672
41,65,94
54,50,3
3,20,943
3,58,234
3,29,429
5,32,35716
46,67,35
33,28,201415
33,24,32727
8,3,316526
8,43,7771
8,35,44560
8,34,56481
8,60,31263
8,4,110122
8,1,70134
8,55,110
7,33,47106
28,28,1394109
28,7,309580
28,76,159235
6,14,30245
28,48,547
28,60,18829
28,77,31942
28,15,5895
28,58,2991
28,44,2005
31,56,2906
31,1,304
31,65,104
22,7,113742
24,4,27569
2,6,8923
2,50,11
2,42,27
66,64,55
66,67,135
63,41,95
63,76,66
30,26,60
64,56,1486
11,3,3512
11,77,2788
11,13,1450
11,2,1400
11,24,916
76,31,6072
76,7,255075
76,23,4167
76,30,1436
76,26,222
55,32,66
39,77,145
50,49,81
36,21,12
36,36,3496
44,46,330
44,29,24
69,28,834
69,46,102
40,37,163
33,14,1058
33,55,18
33,57,256
33,51,149
32,32,5169947
49,69,156
49,33,95
32,61,5997
32,57,2049
32,71,1684
32,72,2248
32,68,2284
32,18,387
7,16,21352
34,31,2259
34,59,593
60,70,31
60,37,45
60,77,105
73,33,83
7,15,5366
7,31,7998
7,63,205
7,67,94
7,36,290
24,76,62455
6,33,50366
61,67,102
61,68,133
61,28,1467
61,71,57
61,34,107
77,1,69417
67,67,2037
1,8,25011
1,15,886
59,61,407
24,2,5647
5,31,1131
5,56,6529
5,17,632
4,16,12395
4,33,1867
58,59,1804
58,61,208
22,70,75
22,61,297
23,3,471
23,29,211
16,58,113
16,44,60
62,65,106
57,58,219
65,16,19
26,20,53
20,22,1985
12,15,391
12,9,91
12,1,189
15,76,5101
56,69,778
56,41,36449
56,65,3061
56,42,4397
56,17,464
56,46,367
56,20,386
10,3,254
17,25,184
17,6,226
14,42,22
14,58,78
29,39,24
41,49,582
3,71,103
47,51,9
72,30,2
63,67,53
30,44,24
30,23,166
48,41,203
42,52,20
42,44,344
39,29,74
39,30,111
36,30,25
36,25,19
69,58,5
38,31,186
35,29,150
35,66,155
35,37,183
35,67,185
33,19,253
49,51,79
49,68,85
49,73,124
37,35,92
53,44,196
60,14,57
60,6,692
60,25,19
73,23,35
7,46,140
6,66,281
6,40,143
6,65,258
4,67,13
4,19,691
58,3,47
58,66,109
58,60,160
58,6,71
58,56,371
27,42,12
70,8,61
70,57,18
23,30,208
62,7,186
57,34,62
26,8,158
20,25,193
12,19,113
,32,65
3,40,96
28,47,61
64,62,24
76,67,195
51,3,24
48,49,69
45,67,20
42,61,431
39,51,67
39,58,44
38,51,28
38,53,29
35,72,30
35,23,77
34,5,310
60,64,50
60,45,3
60,36,42
71,24,45
67,70,66
5,63,20
4,70,16
27,35,61
70,22,12
57,60,87
25,72,1
56,9,132
17,56,96
14,57,70
31,37,68
43,37,49
44,7,41
38,58,35
38,62,17
49,38,39
68,7,17
59,71,5
27,14,30
62,33,129
3,37,61
46,39,79
31,68,47
66,42,32
43,5,19
77,64,31
59,25,15
70,62,27
65,22,11
20,33,48
9,16,39
29,34,31
41,55,41
43,59,39
42,4,24
40,49,63
60,69,24
61,44,34
5,53,4
27,19,48
21,75,6
23,65,12
57,53,21
57,7,44
26,19,47
15,29,32
29,20,22
11,61,21
43,23,49
36,2,15
36,53,7
44,16,36
57,71,6
10,36,2
29,1,60
45,54,5
69,31,28
40,77,12
33,50,63
60,44,25
74,5,3
65,6,38
26,35,15
26,15,18
25,54,2
45,31,5
44,27,16
37,49,51
61,45,16
67,72,10
4,43,53
2,57,21
55,31,3
39,11,19
59,13,21
27,43,20
21,44,15
25,60,20
42,16,19
42,57,18
67,6,24
74,72,19
66,52,5
45,51,37
69,14,6
53,67,11
73,74,3
5,64,37
5,48,6
4,18,29
65,35,29
65,75,4
9,21,14
44,74,2
69,27,9
6,50,31
67,2,8
72,54,2
48,64,1
50,16,2
49,13,2
53,37,5
73,61,11
64,46,4
38,65,20
59,43,13
22,50,9
70,27,7
66,26,11
40,63,31
40,65,7
35,54,5
41,17,35
14,73,5
55,39,3
74,36,1
12,18,8
29,65,13
46,75,13
13,58,5
31,9,7
60,75,10
65,1,5
68,52,2
70,74,2
65,77,9
45,30,8
70,2,7
48,66,14
53,19,2
36,58,9
37,12,2
73,36,11
38,15,7
62,21,10
52,7,5
67,52,2
27,12,3
62,75,7
49,22,6
18,44,2
30,10,3
55,60,1
39,18,3
19,46,3
10,61,4
39,12,4
40,20,2
20,57,5
2,72,3
63,18,3
59,46,5
62,11,6
45,62,2
21,45,3
62,13,3
47,31,1
51,75,4
75,77,6
30,52,6
18,58,3
18,42,1
74,37,1
43,13,5
37,54,1
70,61,5
55,37,1
67,57,4
64,17,2
50,40,6
63,4,1
26,42,4
75,62,6
12,66,2
20,38,5
18,60,1
21,53,1
50,24,4
14,52,3
4,45,1
73,10,2
47,67,2
20,70,2
67,17,1
72,52,1
17,45,1
70,50,2
69,10,1
72,14,1
46,13,1
38,55,1
75,26,2
74,65,1
19,54,1
10,72,1
25,55,1
12,67,1
14,64,19
29,26,147
41,29,687
41,14,120
3,14,20382
3,4,63660
3,24,37493
3,13,4468
3,67,141
3,18,56
5,8,65434
52,56,49
46,22,13
46,69,119
46,38,42
46,56,121
8,32,7178811
8,33,949456
8,14,45605
8,44,1656
8,64,3173
8,9,2886
8,10,11530
7,3,105724
6,28,264521
6,7,838394
6,77,176184
28,27,9092
28,25,6742
28,54,253
28,52,280
31,60,1785
31,66,173
24,5,52404
24,7,260171
2,59,920
2,35,195
2,9,91
63,56,324
30,29,408
30,63,106
56,76,16709
11,12,4756
11,59,31
76,19,5322
43,15,19
45,55,9
42,39,868
42,56,2093
42,6,270
50,50,657
36,32,1370
44,8,512
69,45,145
69,35,277
69,34,206
38,40,516
35,75,63
35,36,851
33,29,1818
32,5,96582
32,13,5230
34,32,20174
34,38,505
68,28,375
68,34,86
68,61,200
7,64,387
6,10,5597
6,72,317
6,37,116
77,11,3098
77,13,6626
77,58,67
77,47,87
1,4,8677
1,7,8177
1,68,29
1,23,419
1,10,397
1,56,2354
1,26,26
59,67,20
59,28,900
5,77,13478
5,3,34371
24,31,24827
24,60,5727
24,27,4247
24,64,255
24,52,45
24,71,188
4,7,17387
5,29,197
5,9,223
4,56,3040
4,42,105
22,10,1325
22,11,1640
16,28,9271
27,22,295
21,28,7968
23,18,48
23,7,901
23,6,1319
16,4,10000
16,24,9441
16,23,1996
16,25,605
16,59,198
13,2,4466
13,23,88
57,35,16
65,57,64
26,32,134
20,6,353
25,76,652
25,56,541
25,23,749
12,12,8305
15,3,959
15,24,1384
15,20,594
56,4,8532
56,43,1857
56,36,834
10,24,717
10,5,199
10,14,270
17,14,121
9,76,491
14,48,16
14,67,15
29,31,249
29,7,191
46,8,240
31,64,75
31,57,104
72,75,55
2,66,21
2,43,48
66,63,110
63,37,4
30,7,103
30,62,71
48,61,27
42,40,322
39,2,83
39,48,268
39,67,273
39,13,29
39,62,22
50,71,5
36,33,943
44,3,72
69,30,16
69,51,52
69,22,13
38,6,135
38,61,233
40,66,42
40,68,180
40,71,84
33,17,149
49,8,131
37,52,5
34,62,42
68,3,173
68,76,77
68,56,175
61,27,470
67,76,33
75,73,43
59,16,82
5,35,179
4,53,6
4,60,226
22,39,450
22,73,28
70,67,67
23,60,72
16,39,52
16,67,12
65,58,87
26,43,14
20,23,593
25,63,17
15,59,97
15,23,385
10,41,30
10,12,390
17,22,202
,24,8
41,73,201
54,48,4
3,66,79
3,63,57
66,60,95
63,7,24
30,43,53
30,70,36
51,47,7
43,45,212
45,28,143
45,33,74
45,7,44
39,14,117
69,3,79
35,63,35
7,49,78
6,46,143
75,41,20
75,24,16
58,16,47
22,65,65
27,69,16
27,59,82
21,49,17
23,43,39
23,42,14
16,75,8
57,21,17
26,40,14
25,3,410
19,5,231
9,17,61
54,35,5
42,22,100
69,5,17
35,57,56
37,42,32
34,63,107
34,57,61
60,2,54
6,73,100
77,68,62
70,72,57
70,64,55
62,44,11
52,48,11
55,49,5
43,62,29
42,64,12
69,75,38
34,46,48
71,67,113
61,2,17
5,43,29
4,71,16
62,61,32
65,30,109
15,41,54
14,60,129
14,65,20
30,45,5
64,31,31
64,72,12
36,72,8
71,38,59
67,3,54
58,73,6
58,21,20
16,63,42
10,64,4
17,2,57
41,20,15
46,70,19
47,45,17
51,33,40
48,58,1
35,4,82
53,49,119
59,57,48
59,26,9
59,19,19
5,46,21
4,36,23
23,66,33
15,45,5
17,49,4
66,40,37
40,11,3
53,54,10
21,65,26
72,42,7
66,29,33
43,52,24
40,7,44
71,25,19
75,51,7
24,53,38
9,4,28
41,52,67
46,5,4
27,38,18
20,12,23
48,60,3
42,17,3
38,23,34
67,64,7
5,37,11
70,45,9
49,52,11
15,63,19
19,68,24
18,12,12
72,37,8
66,51,10
68,72,12
29,75,16
47,50,6
47,59,1
36,66,17
40,57,10
75,6,9
13,43,8
29,53,7
55,44,10
6,47,9
27,46,9
71,27,5
10,35,15
63,38,15
21,70,10
60,20,14
1,45,5
58,75,4
48,5,2
49,45,28
67,77,5
58,17,6
16,48,8
63,55,1
50,70,1
35,74,5
73,64,6
71,61,40
48,2,11
53,59,1
61,26,4
59,44,9
4,51,8
62,72,7
2,37,7
66,45,6
37,26,5
70,26,2
14,70,10
30,17,12
24,55,11
27,57,9
23,68,12
21,67,11
36,59,15
40,64,4
5,50,4
47,26,1
27,10,6
48,15,2
67,59,8
19,49,5
71,22,11
61,4,4
58,36,4
26,49,21
70,51,2
12,64,2
75,1,2
65,14,3
65,39,5
52,60,1
44,63,9
50,26,1
50,64,1
55,7,2
44,14,6
67,47,2
64,44,2
64,71,4
33,54,13
47,39,4
72,63,4
60,53,4
64,18,1
73,54,4
5,55,1
69,12,2
11,52,1
26,36,1
67,21,2
25,51,8
71,57,3
74,44,2
10,38,6
17,74,1
54,46,3
52,58,1
40,15,2
59,17,4
10,51,2
54,38,1
39,55,3
29,72,4
68,55,2
37,5,1
11,49,3
18,70,1
19,57,11
61,75,5
26,10,2
51,72,5
17,70,2
10,67,1
47,34,1
55,23,1
23,75,4
5,74,4
73,1,1
12,51,1
17,58,3
1,47,1
,41,2
45,14,2
62,53,3
53,27,1
73,60,1
,2,1
64,37,1
55,68,1
14,3,11224
14,17,795
14,33,956
29,8,873
41,8,68002
41,67,659
41,46,1407
41,13,75
41,21,250
3,8,185113
3,28,44718
3,16,24016
3,41,2168
3,59,380
3,27,375
46,32,285
8,23,22966
8,45,634
8,18,853
8,51,595
8,48,758
28,37,1125
28,57,1220
31,2,138
22,22,228735
72,74,46
4,8,31547
4,4,100298
2,32,7358
2,24,2452
66,32,142
63,58,101
63,28,311
30,27,127
30,31,416
11,7,690
11,28,985
76,4,52146
76,34,4415
76,62,397
76,60,4361
76,73,211
55,41,21
48,44,146
43,8,1960
45,8,257
42,42,6995
42,45,155
42,32,3040
39,43,1539
39,19,18
39,46,344
39,49,448
36,51,12
36,24,129
44,48,229
44,77,31
69,24,99
69,48,145
38,38,8531
38,41,1822
40,56,324
35,26,31
35,71,261
33,46,566
33,61,1047
33,73,119
33,70,217
33,36,2327
32,29,11278
49,49,11957
32,36,5628
32,46,2802
32,19,4110
32,74,224
32,52,415
37,27,5
34,8,21444
34,76,1547
34,40,177
34,6,1956
34,30,427
60,56,2318
60,32,3184
7,25,1986
6,11,5226
6,19,5490
6,69,237
61,43,66
61,16,36
77,22,10728
77,19,429
67,28,430
1,3,25228
1,21,1161
1,31,332
59,32,685
59,8,711
59,5,49
59,22,65
24,44,189
24,59,1892
24,49,116
24,36,263
4,2,28753
58,31,223
22,23,14729
22,3,21020
22,77,10385
22,33,8577
22,34,877
22,27,1506
27,29,273
70,70,2786
21,16,12891
21,33,1188
16,32,10439
23,31,445
23,13,105
16,21,10925
16,7,8670
16,14,17408
13,16,1289
13,28,703
13,59,44
13,7,473
62,62,1035
26,28,647
26,25,755
25,57,7
12,77,426
12,32,311
15,19,2105
15,5,1010
15,25,392
19,4,215
19,12,70
56,70,3684
56,35,5223
56,53,256
56,62,1526
56,11,489
56,73,722
18,18,993
10,10,26142
10,11,1514
10,8,1481
10,7,328
17,11,151
46,47,31
72,8,59
72,56,460
2,18,28
30,60,112
64,65,67
51,45,22
48,45,171
42,63,28
42,53,58
39,72,38
39,63,44
69,11,4
69,50,41
38,43,431
38,68,343
38,73,70
35,49,151
33,65,215
37,34,166
68,8,406
68,33,259
60,58,264
60,27,29
73,37,40
61,29,243
77,42,236
24,73,95
4,69,28
4,37,16
22,62,60
27,60,13
74,74,198
23,41,57
23,56,326
13,34,27
57,76,213
57,32,326
57,23,31
26,14,15
20,21,814
12,23,38
56,10,931
18,30,14
18,24,76
18,4,20
10,18,106
29,11,5
29,48,50
3,73,40
66,12,4
30,4,25
64,66,63
76,68,246
43,65,38
44,25,27
61,53,12
61,58,165
77,49,92
67,48,25
4,57,18
58,1,28
23,59,22
16,37,8
62,76,80
15,39,19
10,31,28
9,8,103
,6,12
46,6,26
8,54,53
66,31,61
66,71,73
48,40,16
42,51,64
40,27,18
49,53,151
71,73,70
77,26,68
27,30,110
62,51,1
25,46,22
64,24,51
43,25,50
50,41,17
40,73,43
67,42,100
67,37,41
70,38,26
65,60,14
25,69,47
9,15,50
43,4,38
37,31,13
53,22,4
67,40,61
5,38,42
23,17,112
65,69,8
9,33,6
29,73,14
46,25,8
72,68,10
66,39,23
69,23,16
49,39,56
60,67,63
61,40,49
67,24,37
1,51,9
62,69,8
15,58,25
10,34,12
9,5,18
29,61,54
51,68,23
48,36,16
43,54,9
50,61,4
1,74,7
27,66,22
2,63,21
50,47,10
36,67,25
40,31,28
59,29,36
27,18,10
57,10,9
26,65,2
25,9,25
31,46,53
66,23,42
38,17,4
70,42,17
48,6,13
39,52,19
44,1,32
53,62,2
75,2,3
75,37,13
58,15,20
19,33,62
64,25,16
44,58,7
13,38,5
29,19,55
47,42,31
31,72,32
66,7,22
11,71,4
59,45,2
74,76,17
62,40,7
17,40,1
47,70,1
64,35,5
75,46,6
75,69,21
19,29,51
72,43,11
30,48,6
64,16,6
71,63,11
17,64,3
47,23,2
63,34,30
69,4,8
58,40,5
52,31,3
64,2,12
40,58,9
60,51,11
27,39,28
3,48,32
52,1,3
44,19,4
57,17,1
54,41,4
68,45,26
29,12,6
60,48,4
10,29,5
46,60,4
64,29,11
69,16,7
40,51,11
71,19,5
1,65,8
70,14,2
74,16,2
54,19,1
37,57,5
13,46,3
17,26,5
14,47,1
72,65,8
60,50,2
3,55,2
66,48,14
12,43,4
17,43,2
64,73,6
69,26,7
21,72,3
57,46,6
62,50,1
35,20,6
18,61,4
21,46,6
74,73,2
47,24,1
63,49,3
38,54,16
71,52,2
45,52,5
7,54,4
40,55,1
64,11,3
51,12,2
37,47,3
75,63,2
41,18,3
53,6,7
49,27,3
15,71,1
72,36,2
67,19,5
15,67,2
73,29,7
48,57,2
57,18,2
31,47,1
61,11,5
74,69,4
62,46,3
15,75,4
55,52,2
20,62,3
69,13,2
15,48,1
51,21,1
61,9,1
54,40,1
58,69,2
52,19,1
50,57,2
52,75,3
67,12,1
63,10,1
50,58,1
51,14,1
14,13,7058
14,25,533
14,12,1409
41,28,24727
41,38,4798
41,43,5693
41,22,1254
41,34,2283
41,16,245
3,7,84149
3,31,2102
3,34,713
3,36,212
5,33,3828
5,5,84667
46,33,239
47,32,62
33,33,266876
33,76,104078
33,16,2049
8,8,11595972
8,28,3196077
8,17,4022
8,56,404117
8,37,978
8,46,1495
7,32,549521
7,8,1409539
7,7,1183874
77,77,277895
28,35,21966
28,10,3183
28,38,5637
28,17,1290
31,24,7064
31,19,148
24,14,11784
21,24,13487
2,3,12978
2,14,5492
2,12,1331
2,23,456
2,36,40
63,63,1447
30,56,1339
30,28,1327
30,49,32
30,65,97
11,76,9474
11,20,222
11,25,1081
76,36,822
76,69,468
76,18,1826
76,75,458
51,51,1709
48,8,132
43,46,609
43,44,604
43,35,701
45,45,1285
42,46,333
39,42,1919
39,22,277
39,37,442
50,33,23
36,38,535
36,42,168
44,73,226
40,40,2818
35,39,1090
35,68,297
33,77,4546
33,10,526
33,42,2028
33,69,932
33,45,212
32,31,65171
32,2,20459
32,9,1536
32,63,1250
34,41,1550
34,22,847
34,26,47
34,14,94
34,3,505
53,53,874
60,28,4706
60,31,1400
73,34,79
7,20,3425
7,30,1019
7,66,127
77,28,25695
24,11,2690
6,39,2313
6,34,3176
6,42,892
71,45,29
61,24,135
24,77,20800
1,29,102
59,59,70888
59,31,456
24,17,1212
24,58,1296
24,72,262
4,59,135
4,9,272
58,33,183
22,30,1143
22,58,471
27,20,62
27,8,934
27,7,126
21,5,10408
21,11,823
21,18,227
23,21,1037
23,28,2439
23,32,1224
13,8,1268
13,1,1113
65,38,12
20,14,295
20,76,470
25,17,167
25,43,43
25,6,454
12,76,2986
15,7,894
15,6,2043
19,19,7776
19,18,289
19,14,616
56,63,1061
56,77,12709
56,59,1469
56,23,1465
56,47,45
18,25,440
18,56,74
10,33,120
9,6,64
9,11,114
29,76,232
41,51,222
41,70,250
3,70,58
46,41,727
46,48,149
46,42,233
31,63,227
31,23,398
66,8,167
63,43,17
30,14,73
11,33,171
51,46,95
48,28,147
45,38,31
45,56,136
42,36,145
42,12,3
69,76,77
69,25,41
38,47,35
38,18,1
37,45,7
37,40,69
68,71,152
60,73,32
73,35,187
71,32,147
61,59,532
67,7,17
75,72,59
75,71,43
1,69,36
4,39,85
58,57,101
70,32,266
70,73,10
70,23,10
21,58,101
23,4,288
62,32,616
65,67,22
20,13,61
25,30,127
12,6,382
12,16,586
12,17,53
19,1,99
17,3,57
17,4,72
17,20,55
47,49,27
2,45,10
63,30,128
64,58,32
11,57,10
55,73,1
48,76,42
43,36,157
42,31,90
42,5,37
39,26,13
50,44,53
44,30,21
35,47,32
37,41,157
73,75,40
61,33,215
75,7,9
75,56,160
58,35,28
26,45,3
20,55,1
25,33,66
15,65,14
29,68,29
41,53,113
72,40,4
55,33,16
51,34,17
42,62,15
35,19,22
49,31,19
49,10,2
60,72,18
60,1,65
23,48,12
23,61,32
62,66,56
65,2,4
65,63,56
12,33,43
9,24,32
29,67,47
46,49,78
63,65,71
55,35,6
43,29,57
43,75,36
42,14,8
44,6,55
60,43,43
73,3,22
73,66,12
73,44,134
1,70,41
4,64,24
65,7,16
26,57,2
26,12,2
25,62,5
14,66,16
47,43,57
66,1,21
64,33,56
64,7,37
11,60,78
49,23,8
61,19,18
75,32,42
1,58,41
59,18,4
70,75,11
13,25,35
9,1,28
72,22,8
63,62,116
51,54,12
43,66,86
42,75,29
38,5,22
49,29,15
34,73,33
6,55,26
67,39,76
22,52,15
62,71,13
57,4,13
26,7,28
29,59,40
63,20,16
11,34,22
53,76,20
53,42,13
73,24,22
77,66,26
77,62,21
52,28,72
64,19,7
48,29,34
43,58,9
38,20,7
75,39,8
4,65,16
17,77,49
66,37,18
64,49,2
50,1,2
18,21,39
46,57,1
47,71,6
47,77,1
34,51,25
61,77,22
74,77,2
16,70,8
62,31,38
57,69,6
25,67,24
12,61,3
44,15,4
73,6,14
18,2,11
10,39,10
64,59,13
68,62,21
74,45,1
46,4,9
50,30,2
40,50,15
49,47,22
75,64,5
70,31,12
70,58,26
66,19,13
75,5,2
46,53,14
27,17,2
62,20,5
26,67,8
55,22,2
16,42,33
51,50,55
53,23,1
3,74,30
68,29,26
64,34,9
42,74,1
22,44,57
71,6,17
25,48,6
66,50,4
54,56,2
47,60,1
66,2,12
64,50,2
44,59,9
37,29,17
16,66,28
54,8,6
59,36,20
11,69,7
25,36,14
27,37,5
13,27,12
74,71,4
68,10,3
58,71,8
20,65,3
57,11,2
20,67,2
25,53,8
17,63,1
53,30,6
67,58,8
23,46,10
51,59,5
53,70,3
43,72,26
15,40,4
72,1,9
64,39,11
44,2,11
12,69,2
67,4,6
73,58,2
27,13,4
26,39,2
20,49,3
11,44,3
50,66,3
48,1,2
53,14,3
74,70,5
47,33,6
55,34,11
1,48,9
57,12,1
19,70,5
50,38,5
13,72,2
5,54,2
74,22,1
15,70,4
46,59,11
60,74,10
17,55,1
59,49,4
57,13,3
13,71,4
14,50,2
5,47,1
44,57,3
62,47,1
50,65,1
48,65,1
51,60,2
75,55,2
50,21,1
52,64,1
52,73,1
60,47,1
27,54,2
70,47,1
17,38,1
63,52,1
54,27,1
14,8,17359
14,6,9669
14,76,8631
29,30,347
29,41,80
41,32,66349
41,15,88
41,4,372
41,1,454
3,6,314318
3,1,41575
3,2,22064
3,22,24352
3,23,1713
3,47,90
5,6,126129
21,21,81136
47,68,12
8,29,7832
8,15,21465
8,66,1375
8,11,9782
8,71,1226
6,56,52423
6,4,110674
6,12,3257
28,51,386
31,61,704
31,70,76
31,25,154
22,8,146334
77,6,114834
24,24,838523
2,77,29593
2,13,6652
2,8,11866
66,33,96
30,30,4614
30,16,208
56,33,56890
64,8,262
11,17,1884
76,20,1678
76,12,15308
76,41,32748
76,65,589
55,28,18
48,46,146
43,39,577
45,29,21
45,44,207
42,28,1889
42,54,9
39,36,968
39,33,5288
39,7,1102
50,46,54
36,56,337
36,43,230
44,50,103
38,56,924
38,74,1
40,32,412
35,38,2081
35,2,126
35,31,459
33,31,10849
33,59,1423
33,40,1063
33,12,221
33,75,173
33,63,211
33,64,395
32,76,855478
32,69,3583
32,23,10625
32,64,2673
32,62,1178
32,48,1270
37,61,159
34,49,78
34,4,197
34,72,91
68,43,122
68,37,140
60,59,514
73,32,75
7,19,4201
6,23,7577
6,13,5866
6,44,213
6,61,835
71,69,175
77,21,3070
77,10,773
77,33,4389
77,67,76
77,25,368
77,12,2036
77,48,37
1,76,13054
1,59,74
1,12,613
1,39,127
59,77,140
24,40,150
24,13,1707
24,30,3356
24,26,775
24,68,274
24,74,76
4,77,30255
5,13,1280
5,14,8267
5,20,526
5,52,12
22,59,520
22,26,179
27,44,9
21,23,2917
21,19,4243
21,41,302
16,19,2949
16,1,2621
16,18,225
13,11,603
13,21,479
57,64,31
65,70,80
12,13,748
19,8,1055
19,13,99
19,76,1296
56,60,4339
56,67,682
18,28,121
29,49,37
29,27,306
41,62,155
31,13,55
66,41,62
30,6,126
76,51,178
55,76,11
51,8,106
51,37,10
43,61,64
42,66,70
42,60,50
42,67,160
42,19,7
39,31,355
39,5,79
50,34,12
36,69,79
69,37,124
38,36,445
38,71,178
40,39,383
35,42,570
35,73,43
60,42,43
60,35,616
7,68,174
7,62,119
6,70,168
71,66,61
71,68,129
61,39,84
61,70,46
77,30,260
77,37,40
67,56,150
1,30,116
22,9,277
27,31,83
21,27,296
23,11,80
16,46,25
62,24,122
65,76,104
26,3,109
26,22,37
20,18,38
20,17,69
25,29,252
15,31,103
19,59,44
56,26,250
18,19,252
3,26,127
52,52,215
72,76,117
2,53,13
66,73,24
64,61,19
43,19,14
34,12,21
59,52,1
59,1,51
58,34,86
65,64,150
26,21,18
20,29,90
29,57,25
41,19,32
52,2,5
72,24,16
66,69,52
63,16,20
43,14,15
45,46,100
44,72,43
44,51,110
37,2,12
34,27,70
68,73,35
59,39,53
58,10,5
16,71,17
19,34,17
2,61,38
66,5,5
76,54,16
45,70,18
40,23,7
61,72,14
1,43,156
1,71,20
22,40,51
22,71,52
62,39,25
3,62,35
76,47,28
69,29,26
71,30,14
59,14,21
23,57,23
12,35,3
19,61,28
17,31,7
9,56,11
46,61,24
72,28,76
64,70,30
11,58,7
43,77,57
38,21,15
60,29,67
60,23,75
58,64,33
13,60,21
18,1,9
,28,24
31,48,18
31,40,28
72,48,6
72,16,5
66,36,11
44,54,19
71,37,34
75,22,5
59,63,88
17,12,45
41,9,11
54,51,15
52,46,31
49,5,12
5,68,37
57,24,75
19,9,20
36,70,12
37,25,15
23,73,25
15,46,2
31,55,1
72,71,20
2,73,10
63,73,4
71,65,33
13,18,10
26,71,11
14,72,7
14,40,4
43,10,17
44,23,12
69,65,21
20,66,10
29,18,6
55,56,14
70,24,14
1,57,11
23,34,39
25,13,24
63,33,48
11,65,5
50,2,4
71,7,18
71,62,5
51,77,8
45,75,13
43,60,36
4,68,17
11,38,6
51,4,2
53,25,8
14,71,10
60,13,6
73,46,14
70,53,5
26,47,2
29,10,4
48,50,24
29,50,3
14,69,13
77,53,7
72,64,8
5,71,12
47,66,1
72,51,7
69,57,4
51,70,2
39,20,12
44,18,1
65,23,11
50,39,6
38,10,4
48,75,8
73,30,8
65,37,4
53,24,15
1,52,6
55,24,6
38,19,7
54,49,7
75,23,2
22,45,6
65,52,1
18,66,2
11,64,7
59,47,2
72,7,7
73,25,6
72,59,1
12,26,5
10,44,2
70,13,1
60,18,4
10,43,8
49,19,3
37,1,9
68,5,3
68,4,7
52,36,1
58,68,5
65,45,3
52,50,1
73,62,5
15,47,1
72,53,4
16,74,4
61,13,2
75,27,2
58,74,8
18,26,2
45,60,3
53,66,4
54,42,3
18,41,5
18,63,2
45,23,1
17,68,3
12,60,8
40,74,1
70,48,3
26,51,1
53,5,1
10,45,1
57,44,3
20,51,1
75,21,1
15,37,2
72,58,2
12,62,1
75,18,1
14,4,13188
14,2,7501
14,77,5290
14,22,5256
14,61,51
14,38,24
41,42,7595
41,2,267
41,36,1014
41,30,321
3,32,118587
3,21,7380
3,11,3386
46,35,100
47,44,84
33,4,2779
8,6,1662329
8,7,2072782
8,16,66755
8,39,25084
8,20,5300
8,70,761
7,1,21553
6,1,63661
6,17,3370
28,30,7200
28,66,1473
28,65,813
28,63,1514
31,59,854
31,28,13179
31,16,422
31,44,51
31,14,211
22,24,190492
24,6,254594
24,21,34110
5,22,31838
21,8,18956
2,10,666
66,58,69
66,70,98
30,37,20
30,22,187
56,7,78668
56,8,427211
64,64,4928
11,10,10059
11,21,1011
76,16,30733
76,2,30926
76,74,293
76,38,1981
76,40,317
76,35,8174
51,36,3
43,32,2581
43,43,10626
43,38,503
43,7,119
42,48,210
39,41,14090
39,32,18224
44,40,185
44,28,781
44,37,86
44,24,55
69,49,183
69,73,229
35,33,11140
35,28,9710
35,46,147
33,60,6456
33,39,6615
33,15,748
33,44,1004
32,59,7259
32,77,94346
32,10,6881
32,70,1376
32,16,40234
34,21,218
34,11,41
68,68,2938
60,46,15
60,24,1035
7,11,2515
7,10,2823
7,41,7192
7,71,114
7,27,919
6,59,1083
71,16,20
71,71,2272
61,35,94
77,24,15573
77,35,448
67,32,107
1,28,7402
1,25,191
1,46,28
59,60,512
22,6,116414
24,16,20986
24,23,35027
24,38,710
24,18,425
22,21,33507
4,26,24
22,25,1416
70,65,108
21,2,1604
21,12,319
23,20,601
23,8,3240
16,16,125796
16,33,1163
16,76,16749
16,77,4773
13,14,2511
13,33,108
20,16,701
25,14,98
25,24,622
25,64,16
12,11,889
12,22,153
12,2,831
15,4,1296
15,21,1718
15,22,2115
19,25,1058
19,32,492
56,13,734
56,1,6102
56,30,2321
56,27,694
18,14,34
17,29,16
17,16,303
14,56,854
29,69,24
46,66,29
30,76,254
30,38,39
30,53,16
64,32,238
55,51,50
51,35,18
42,70,44
36,76,292
69,39,135
38,29,74
40,35,230
33,66,357
33,53,55
33,26,195
32,47,124
34,43,122
34,13,43
73,41,63
73,8,278
61,17,4
67,45,11
59,3,97
59,56,516
58,30,307
70,34,143
21,42,32
74,61,3
13,31,25
26,11,14
26,33,14
12,28,339
56,45,326
17,30,19
17,5,87
,8,101
29,38,53
41,10,53
3,45,59
46,52,43
72,61,16
2,20,200
51,53,35
51,61,9
43,51,133
45,48,88
39,66,103
44,22,14
38,45,52
6,68,188
61,22,45
61,62,61
61,65,43
61,56,470
77,63,42
5,61,45
27,21,50
21,36,15
16,49,17
62,58,114
65,74,4
20,31,76
15,35,22
19,71,4
19,77,145
17,21,228
,22,5
46,76,67
11,29,29
51,31,5
39,23,49
36,22,30
44,21,4
37,30,11
53,3,11
71,34,52
77,65,22
59,4,42
27,68,20
21,64,18
13,42,24
13,9,29
57,67,5
56,55,87
14,36,5
29,71,50
29,77,55
66,27,18
66,25,22
64,67,11
36,61,62
40,24,51
40,25,14
67,46,17
67,49,79
59,15,94
27,5,124
21,37,12
23,62,5
62,67,18
18,10,90
3,53,10
72,34,20
2,34,109
30,77,49
36,71,42
77,46,55
67,33,91
75,50,7
65,68,29
25,4,81
19,27,81
29,46,33
48,14,1
48,71,29
48,74,1
45,16,4
36,37,45
1,73,8
27,73,4
70,10,2
13,20,76
57,68,6
65,73,5
2,46,14
66,14,5
63,71,8
55,46,23
45,37,9
37,50,8
20,39,5
50,42,24
69,59,14
35,17,5
77,57,28
59,64,21
5,44,27
23,49,15
62,23,8
54,53,16
52,57,1
66,6,20
30,50,6
48,55,9
37,21,5
70,43,10
45,47,20
9,7,27
30,72,3
49,61,19
49,1,6
59,74,1
19,42,4
47,53,13
75,42,9
59,40,9
52,47,8
68,6,26
4,75,9
15,57,4
73,7,20
12,27,7
17,9,25
63,3,16
45,61,8
69,52,6
57,73,1
12,31,9
15,64,12
52,77,1
64,1,4
61,15,14
57,26,5
51,55,13
38,11,11
49,26,3
4,38,40
55,6,6
40,26,8
49,6,22
60,26,7
16,45,3
42,25,29
50,63,3
2,48,8
64,14,4
54,33,7
68,60,22
26,53,3
69,77,15
58,48,2
64,27,4
44,11,2
23,71,15
63,53,2
46,27,3
47,25,3
51,26,2
40,12,1
20,34,9
70,19,2
23,37,5
20,69,5
18,55,1
65,29,7
54,24,5
70,40,11
64,23,4
36,63,3
57,43,6
15,54,1
15,69,6
43,20,6
58,20,11
39,74,3
,77,1
37,19,3
37,4,4
21,74,4
37,14,6
49,21,3
5,73,4
52,49,7
25,50,4
72,50,2
9,23,6
45,12,1
13,64,1
20,71,1
4,50,7
35,9,1
51,11,1
45,22,2
58,72,3
19,38,1
55,2,1
36,74,3
27,51,1
58,26,7
51,2,3
50,72,1
55,75,3
52,65,1
34,54,3
50,4,1
43,55,2
44,13,1
67,11,1
17,42,1
73,15,2
10,40,1
11,48,1
18,65,1
72,11,1
63,48,1
14,14,46969
14,16,16556
14,39,160
29,24,604
41,7,4449
41,31,1081
41,61,752
3,35,1158
3,42,438
3,30,513
3,61,155
5,7,48389
33,56,58759
33,34,22772
8,22,368175
8,21,69433
8,31,61546
8,57,2284
7,28,266050
6,76,159967
28,32,2264523
28,24,404642
28,49,1646
28,71,1974
28,40,1703
28,12,2303
28,53,462
31,26,30
31,33,3833
31,58,552
24,28,311284
2,2,169484
2,1,28110
2,15,935
2,40,19
66,66,2276
66,17,1
30,21,112
56,32,279571
64,3,17
11,15,13393
11,56,188
76,21,16387
76,14,18851
76,56,18067
76,32,940188
76,50,100
76,39,10276
76,11,12237
76,57,582
76,44,521
43,48,483
43,34,80
45,43,254
42,41,3447
39,35,2391
39,69,546
39,6,975
39,75,34
39,34,903
44,47,134
44,33,626
44,68,267
44,76,146
69,68,394
69,32,482
38,35,1826
38,76,599
38,44,337
35,34,2254
35,3,583
35,24,930
33,2,1607
33,58,512
33,21,2030
32,39,33382
49,67,39
49,42,77
32,42,11499
32,58,3585
7,5,77115
34,33,9854
34,36,221
68,38,91
60,8,3616
7,61,612
7,51,39
7,38,581
77,16,5998
6,71,149
6,29,1261
6,63,292
61,8,542
77,15,1408
77,41,984
77,59,361
77,60,290
75,28,120
1,16,2305
1,35,233
1,17,112
59,76,293
24,15,7287
24,41,5724
24,69,257
24,35,2639
24,61,1168
5,27,254
4,22,14333
4,76,19050
4,25,399
4,44,23
58,32,347
22,42,200
27,26,302
21,13,1354
21,14,5958
21,1,1184
21,30,272
23,19,971
16,5,20208
16,13,3162
13,5,425
13,30,18
62,28,312
26,26,1496
25,25,13545
15,17,1508
15,32,1198
15,8,3030
19,15,1470
19,23,731
19,2,243
19,17,630
56,15,1402
56,29,1246
56,14,2082
18,15,134
10,16,857
10,15,848
10,4,236
17,15,716
17,17,7315
17,10,368
17,76,1959
14,29,130
14,31,376
14,74,6
3,68,170
3,57,92
47,46,48
47,56,19
8,74,377
72,33,44
63,8,215
51,71,13
43,68,242
42,3,181
42,7,234
39,3,379
39,27,56
36,46,65
36,39,390
36,44,96
36,34,207
38,28,2229
38,30,60
38,75,23
49,41,102
49,28,345
68,25,203
73,42,29
71,39,33
61,37,120
77,39,241
77,50,16
67,71,139
59,30,126
2,41,189
4,34,134
58,62,92
70,66,79
16,30,383
16,57,62
13,17,78
62,64,63
57,42,12
57,27,11
65,66,97
65,24,24
26,31,19
20,32,371
12,3,322
15,18,216
19,30,138
9,12,42
29,42,23
46,31,50
63,23,31
76,53,137
48,51,87
39,45,314
36,40,102
40,67,88
35,5,138
49,66,19
34,15,104
7,57,166
67,36,13
75,3,13
59,62,26
24,47,19
24,48,50
5,25,216
5,18,77
22,36,76
27,77,54
62,29,20
62,4,23
65,33,39
65,62,128
10,25,59
14,27,93
2,38,47
66,65,102
63,72,3
30,3,78
30,2,96
55,43,12
36,31,56
36,49,37
44,5,16
69,61,47
38,64,4
34,18,8
68,24,45
60,55,3
60,10,17
71,36,19
77,69,82
67,60,16
59,35,72
5,39,108
58,25,17
70,7,7
62,74,10
25,1,30
12,41,14
3,49,96
30,59,129
40,48,30
67,50,10
67,23,13
70,21,6
57,41,46
57,19,8
17,33,24
29,4,42
52,34,3
2,64,6
2,68,37
48,68,24
48,21,9
23,53,3
62,3,40
51,24,12
45,24,18
44,75,60
6,67,102
58,65,96
18,7,38
41,74,13
47,41,44
48,47,18
50,53,24
53,50,12
77,74,6
67,29,51
1,66,23
16,64,19
62,27,15
65,31,46
66,20,3
43,30,44
68,63,25
61,50,9
70,68,37
16,47,4
26,16,46
19,62,10
66,53,8
53,55,2
5,66,19
58,67,13
21,68,11
26,37,3
20,68,5
9,18,5
61,73,12
17,65,2
51,66,6
53,34,12
62,15,6
57,15,12
20,60,14
11,43,4
69,17,5
62,52,4
45,40,34
21,48,3
37,73,24
18,3,9
64,77,10
55,53,5
71,1,8
67,65,16
17,60,11
,16,4
30,51,11
34,47,3
53,47,7
67,16,4
74,28,13
16,68,23
22,48,22
47,69,15
31,74,3
36,26,5
40,45,25
16,40,14
51,7,9
74,7,3
44,64,7
75,14,6
51,6,9
45,36,15
46,54,3
42,26,4
25,59,12
2,65,16
69,55,6
11,54,2
20,43,3
43,12,9
29,13,13
13,44,1
46,21,3
11,67,3
10,57,3
14,45,3
70,39,12
47,75,1
68,21,5
75,30,3
50,60,1
57,1,13
57,72,1
69,1,10
36,50,1
37,64,2
21,54,2
72,18,1
70,1,6
46,26,2
54,69,2
12,58,2
75,61,1
9,25,1
72,4,2
51,65,3
49,58,2
37,10,1
15,51,1
62,2,5
26,70,1
15,74,1
52,27,1
67,15,2
1,75,5
12,29,5
26,63,2
40,54,1
2,51,1
30,47,1
50,23,1
53,21,2
72,25,2
75,19,1
10,37,1
43,17,1
4,54,1
65,46,1
72,55,1
51,16,1
45,19,2
10,52,1
50,7,1
73,52,2
45,21,2
45,2,1
53,16,1
60,54,1
26,17,2
75,54,2
14,7,4438
14,28,5624
29,6,236
76,76,590584
41,39,12119
41,69,2054
54,28,45
6,6,1855487
6,24,288599
3,39,526
3,65,81
8,63,1745
8,2,37972
8,12,6779
8,62,1298
8,36,3925
8,52,238
8,40,1994
8,49,1219
8,26,1921
28,56,68726
6,22,191696
28,5,40895
28,29,8591
28,43,4277
28,70,779
28,42,4303
28,68,2186
28,46,1230
28,64,963
31,34,1078
31,42,139
22,76,27324
77,76,35950
72,32,51
5,24,36443
2,16,3095
2,22,2012
2,31,117
2,60,51
30,35,55
30,5,24
56,5,15309
11,11,36936
11,16,3462
11,8,2151
11,9,1263
11,27,31
11,6,1458
76,15,17188
76,17,9920
48,32,215
43,28,2476
43,42,1348
43,41,2138
45,32,267
42,35,609
39,40,1079
39,38,3010
39,60,230
44,41,613
44,39,196
69,69,4852
69,38,267
69,70,73
38,48,158
40,28,516
40,19,3
40,36,63
40,42,350
40,41,1122
33,62,340
33,43,2561
32,6,778179
32,15,11574
32,34,63159
32,22,181869
49,43,87
49,56,151
49,14,4
49,75,66
32,1,34671
32,27,10111
32,45,1096
32,25,6689
32,43,11778
32,40,2555
32,50,381
32,17,2068
32,37,1381
37,38,234
37,32,161
37,71,68
60,4,104
73,69,62
7,34,3007
7,9,865
7,13,1983
7,43,470
7,26,312
77,7,33617
6,41,8489
6,43,1139
6,57,386
6,27,1270
6,62,236
71,33,234
71,58,10
71,40,48
71,56,282
77,3,122363
61,76,288
77,31,936
77,27,207
67,34,38
67,62,17
59,34,224
59,2,175
24,46,255
24,25,3865
24,43,579
24,9,562
24,57,459
5,15,3662
5,41,468
4,32,16991
22,60,1404
22,18,428
27,28,1895
27,27,4959
21,10,588
23,23,8209
16,56,1464
16,10,1396
13,4,2895
13,6,1208
13,76,3845
13,12,1308
57,31,71
65,56,617
26,27,176
20,20,2506
20,1,56
25,28,1305
25,22,361
12,10,468
15,56,400
15,14,2088
19,56,251
56,64,5548
56,61,1370
56,22,20958
56,57,3314
56,48,357
56,49,595
10,17,578
10,58,6
29,58,91
41,12,21
8,47,121
63,32,104
63,57,42
30,61,139
76,37,148
51,67,190
43,50,91
43,73,104
43,67,141
45,39,127
42,29,25
42,34,169
42,68,781
42,65,20
39,44,561
39,16,62
50,68,7
36,29,17
38,2,30
38,22,59
35,48,128
35,27,134
37,67,68
37,56,113
34,74,32
34,19,228
68,39,52
68,44,178
68,65,23
73,56,152
61,6,95
67,41,108
67,68,240
75,8,55
21,57,14
74,32,21
23,63,45
16,38,39
13,56,211
62,19,13
26,6,23
20,3,448
12,7,205
15,13,312
15,9,112
19,60,31
18,33,13
18,22,75
14,63,22
14,18,112
29,35,51
29,33,191
46,51,76
11,41,47
76,48,279
36,60,71
38,25,48
40,6,39
35,53,48
53,69,42
68,48,19
73,72,37
73,13,4
6,74,166
1,20,119
24,67,172
5,49,26
27,76,297
23,1,156
62,30,95
62,77,31
62,25,14
57,20,6
26,23,136
20,56,99
25,21,106
17,23,91
55,8,25
42,47,36
37,55,2
77,44,64
77,20,222
77,18,51
27,4,30
23,38,41
23,26,200
25,35,90
14,43,46
29,14,51
28,74,160
31,53,9
2,71,24
66,44,29
45,73,31
38,46,82
49,30,14
73,22,6
71,31,17
77,36,54
75,66,10
4,66,18
70,76,93
57,5,4
20,27,39
25,45,7
15,44,9
17,41,17
51,1,4
69,53,47
40,62,27
49,34,56
68,23,13
73,67,20
27,75,51
23,40,11
57,22,36
57,70,29
3,50,26
31,36,65
43,70,48
40,4,13
58,41,77
27,34,17
26,56,44
29,36,6
54,6,2
52,4,3
42,2,24
49,54,18
23,35,49
25,52,2
43,53,33
49,40,37
49,7,38
37,58,3
68,27,19
58,37,11
65,4,8
4,62,13
10,27,11
52,13,6
31,51,16
2,44,21
53,7,1
5,75,22
58,43,2
23,44,9
39,65,20
50,67,5
36,75,8
40,60,18
34,50,14
66,72,14
64,4,11
64,26,2
62,35,30
41,54,19
72,6,11
43,16,20
40,53,8
71,77,13
67,26,5
17,67,2
11,39,14
48,22,3
27,62,8
19,41,10
62,49,2
19,44,3
59,69,14
4,72,5
25,38,42
29,17,7
77,51,15
12,71,3
23,47,4
62,1,8
53,72,5
53,48,14
52,70,1
53,60,1
74,68,1
52,38,2
64,10,2
10,74,1
55,50,5
39,17,16
52,3,5
47,3,3
22,47,3
16,73,8
44,26,5
58,46,6
20,59,6
45,58,2
73,48,21
64,74,8
51,58,3
11,53,1
71,59,5
51,25,1
47,55,1
61,54,4
74,24,2
15,52,3
40,14,5
55,67,1
65,71,8
49,57,2
12,70,3
52,68,4
68,15,4
48,27,3
16,72,8
10,73,2
50,22,1
40,47,2
71,23,9
37,15,2
64,53,1
26,68,6
11,74,1
48,13,3
21,73,2
57,49,2
73,59,1
26,5,9
77,54,5
26,44,2
65,18,1
53,1,1
61,52,3
55,1,3
53,64,1
49,11,1
74,46,3
25,47,1
75,25,2
36,15,2
73,5,2
36,47,2
74,15,1
53,74,4
14,54,1
49,17,1
25,74,2
,59,2
64,48,1
73,12,2
48,26,1
19,52,1
52,16,1
58,18,1
37,13,1
17,75,1
52,59,1
4,47,1
14,5,3919
6,32,548498
29,3,194
41,66,377
41,40,2868
41,60,783
41,5,440
3,43,357
3,12,1132
52,8,32
46,43,506
33,6,36826
8,41,112987
8,5,167135
8,38,9826
8,75,643
8,50,264
7,22,181220
28,33,246118
28,8,2572956
28,6,294234
28,31,44869
28,41,33022
28,34,31600
6,21,72039
28,14,10467
28,1,14891
28,73,692
28,50,196
31,30,1322
31,21,481
31,43,73
24,32,290547
72,69,28
22,5,31567
2,4,17694
66,34,107
66,28,330
66,35,44
63,35,18
63,15,20
30,32,893
56,6,89983
11,18,299
76,22,72991
76,72,1171
76,58,825
76,66,412
44,32,1183
44,42,331
69,44,905
69,71,340
35,41,2361
35,35,37335
35,45,104
35,59,169
33,3,8075
33,35,25648
33,22,9670
33,30,1067
33,48,254
32,8,7255537
32,24,637320
32,4,59662
32,35,61696
49,36,7
32,65,1529
32,20,2398
32,12,4986
7,77,47766
34,39,741
34,69,206
34,1,142
34,71,75
68,64,11
60,22,392
60,16,117
7,42,770
7,56,42649
7,23,7583
7,17,912
7,70,155
7,72,258
7,40,208
6,9,1660
6,35,3711
6,20,2973
61,66,106
77,5,14384
75,75,635
1,6,23438
1,24,4045
1,18,25
1,19,270
59,6,140
24,39,1696
24,63,456
5,21,11583
5,16,23843
5,12,621
4,14,17534
22,16,15622
22,13,1157
22,1,4873
22,29,776
27,32,1045
21,59,187
23,24,8650
16,11,2594
16,34,162
16,35,194
62,70,66
20,28,393
25,26,338
25,19,672
25,2,52
25,16,229
15,1,326
15,33,189
15,28,1319
15,26,29
19,7,332
19,3,214
56,16,3830
56,40,550
56,2,2925
10,19,146
10,22,370
17,32,159
29,22,314
41,72,125
41,63,269
3,9,148
46,1,18
2,25,254
66,61,96
64,6,51
76,63,380
76,45,165
51,48,144
51,69,45
51,73,9
43,40,307
43,71,379
43,74,4
39,24,947
36,68,44
40,33,319
44,61,48
40,44,133
40,69,178
40,10,5
68,69,238
60,3,182
60,63,130
73,71,94
71,46,33
71,72,8
1,60,76
59,41,56
59,27,19
24,65,276
22,64,98
22,69,59
70,6,22
21,35,125
21,25,470
16,26,209
13,10,270
62,34,23
57,30,150
65,32,149
26,24,88
25,77,79
56,12,584
9,20,4
,76,355
31,62,142
66,76,61
42,71,124
39,50,54
44,65,12
38,60,128
35,77,234
49,37,43
37,8,203
37,63,28
34,9,11
73,43,32
71,51,6
71,43,66
59,10,10
58,38,18
22,46,27
22,72,93
27,6,164
62,57,85
26,2,15
15,30,63
56,54,22
2,75,6
66,30,88
30,1,44
48,31,8
42,58,11
39,4,89
34,65,32
68,75,21
60,66,91
60,71,30
60,62,64
73,39,15
73,70,19
67,44,61
59,7,103
58,14,16
57,65,89
12,38,3
15,60,28
14,62,20
41,75,108
31,67,29
72,44,26
30,11,14
42,30,70
37,70,31
53,56,62
73,68,52
1,34,108
4,48,8
15,34,33
46,45,59
31,18,10
48,52,18
37,3,59
71,75,17
61,49,45
1,36,29
5,72,24
18,29,6
29,40,16
73,50,7
71,53,16
75,70,9
22,67,37
70,46,10
62,60,40
9,32,47
66,46,16
63,51,5
64,5,10
40,29,14
68,36,20
77,45,20
70,25,21
13,69,3
62,43,16
57,2,24
65,26,3
65,17,5
18,27,20
48,67,42
50,76,20
6,53,23
61,21,24
67,38,58
57,16,36
26,38,28
20,64,2
19,48,3
63,42,14
64,57,27
61,57,41
77,72,23
67,73,23
65,59,19
19,35,13
11,26,26
67,35,45
4,73,8
66,10,1
63,68,25
67,53,16
10,69,1
48,70,12
60,19,23
5,70,7
74,64,3
50,45,14
50,73,5
13,51,3
26,1,11
69,21,12
58,70,43
11,36,7
23,67,14
66,21,13
30,75,12
54,3,4
40,52,10
68,19,9
61,74,6
22,53,8
27,48,4
48,16,2
75,60,1
26,13,4
15,66,12
72,60,1
66,47,2
67,1,6
57,74,8
17,39,3
72,67,9
12,42,6
45,77,9
46,63,8
45,1,11
68,57,6
17,51,1
26,59,4
30,73,5
52,6,11
48,37,8
50,13,1
70,77,4
16,50,5
66,75,14
35,12,6
59,12,3
5,45,3
13,61,4
63,36,5
26,66,5
71,21,4
61,10,6
22,51,13
10,66,2
71,4,4
44,62,6
58,4,15
70,16,4
23,9,8
66,74,6
50,77,2
30,9,2
31,52,6
45,72,4
70,4,4
15,68,4
54,39,1
20,9,1
52,69,3
53,68,15
74,58,3
13,66,6
47,36,1
10,50,2
64,42,1
52,39,2
11,68,4
12,30,4
54,68,1
47,52,3
1,54,4
48,11,2
52,24,7
45,26,1
51,64,2
73,19,1
55,30,2
54,45,1
46,65,5
12,37,2
46,16,2
75,15,1
45,20,1
12,45,1
55,42,1
21,52,1
9,30,1
12,40,2
55,61,2
10,26,2
47,1,1
69,18,1
52,15,1
10,75,1
18,62,1
14,32,8807
14,15,4740
29,28,1697
29,56,295
29,16,106
41,56,22065
41,24,3122
6,3,440033
3,3,378179
3,5,38167
3,56,10056
3,60,621
3,17,724
3,25,633
3,19,986
5,28,22478
33,7,34480
33,41,20115
8,30,7799
8,42,9569
8,65,1593
8,69,2690
8,72,1619
8,73,712
8,67,1074
7,6,854736
28,3,53972
28,16,18293
28,26,2698
28,19,2546
28,13,2842
28,9,916
28,72,721
31,31,18496
31,41,894
31,15,139
31,38,205
22,28,58712
24,22,244375
24,3,44999
24,33,37863
2,7,4152
2,19,545
2,58,79
2,33,812
2,21,1155
66,59,43
63,64,12
30,66,99
56,34,2207
56,56,141844
11,1,737
11,5,619
76,8,1427825
76,10,36006
76,13,10906
76,5,70526
76,33,104637
76,42,3181
76,43,1370
76,46,328
76,70,545
51,43,91
48,48,2330
43,24,153
43,22,45
45,42,92
42,8,2875
36,35,810
44,44,8437
44,43,699
44,69,1222
44,66,504
44,67,106
44,56,281
69,43,613
69,8,492
69,72,39
38,39,1278
40,22,22
40,8,392
40,43,340
35,6,1187
33,38,5621
33,68,593
33,1,2027
33,49,292
33,72,222
49,15,8
49,44,227
32,14,20787
32,21,35123
32,75,843
32,67,1473
32,49,1477
32,66,1704
37,37,1788
37,33,138
34,44,209
34,10,48
34,37,209
68,41,432
73,49,373
73,73,938
73,76,52
7,37,121
7,44,127
7,29,888
6,2,25556
24,56,23760
6,38,813
71,76,104
77,17,316
77,34,447
77,71,80
77,43,218
1,32,13889
1,13,2137
1,14,3245
1,38,101
1,72,17
59,11,16
24,19,5307
24,1,9800
24,20,4224
24,12,1301
24,34,3985
24,45,24
5,30,158
4,10,778
4,23,835
4,41,468
4,29,151
58,58,7272
58,28,564
22,4,17960
22,35,552
22,41,1745
22,63,161
27,25,772
27,33,115
70,28,128
21,32,8385
21,4,3923
21,60,232
23,16,818
23,2,187
16,15,11829
16,3,15685
16,31,495
16,20,1964
16,29,167
13,32,839
13,15,348
62,6,164
57,14,22
65,3,16
20,15,348
20,8,680
15,11,2333
15,77,516
56,19,903
56,66,1783
18,32,49
18,17,157
10,6,503
10,2,628
17,8,318
9,10,360
9,13,16
14,34,93
29,21,91
29,23,191
41,27,140
3,64,85
31,49,37
2,70,11
2,17,169
63,31,77
63,45,5
30,41,54
30,57,104
30,19,109
64,75,6
51,28,104
51,44,83
42,76,1443
39,53,28
44,31,26
38,34,313
38,7,100
38,67,144
40,38,330
40,61,93
35,61,375
35,1,105
35,70,84
32,54,72
37,51,11
37,44,137
34,23,63
53,33,26
68,40,187
68,22,14
60,7,516
60,61,597
7,50,28
7,73,71
61,41,167
61,3,79
61,38,97
1,63,21
1,40,22
1,9,82
59,68,10
59,24,301
4,27,172
58,76,199
58,23,42
22,66,143
22,68,58
27,58,161
70,44,42
16,65,20
13,22,447
65,28,159
20,24,730
20,4,96
25,11,66
17,28,222
29,51,8
3,69,199
46,68,39
30,71,34
64,76,92
45,35,43
45,65,3
39,64,26
36,3,68
44,53,217
35,52,11
35,30,158
37,24,39
53,51,20
60,52,8
7,18,293
71,41,196
71,48,17
61,25,25
67,43,67
75,31,10
75,43,18
1,41,300
27,50,9
27,56,193
21,9,63
16,36,60
16,9,193
14,68,32
29,43,52
2,67,8
64,30,66
45,34,29
42,72,25
39,71,169
35,58,82
35,21,125
35,62,35
49,3,53
34,67,66
60,68,44
73,63,6
67,63,29
1,55,1
1,53,9
5,51,9
58,22,70
58,27,20
22,74,22
27,53,16
23,72,3
23,39,19
62,22,44
25,71,39
12,34,6
19,69,3
19,65,22
54,67,4
46,44,118
31,73,13
2,29,81
63,6,24
45,68,24
50,69,25
44,36,50
37,6,24
68,46,31
60,21,103
61,42,105
75,48,4
75,49,55
27,15,31
10,56,121
41,25,79
11,30,40
38,63,29
49,48,55
60,11,12
67,30,16
22,49,25
27,63,47
70,3,14
13,70,3
57,66,45
10,60,10
29,70,21
69,54,18
69,47,30
67,31,15
1,42,57
27,2,32
13,35,21
15,38,6
18,11,25
46,36,33
46,37,15
31,45,9
2,26,31
51,38,19
48,77,4
48,4,4
69,62,14
49,55,8
61,20,8
65,40,5
18,75,2
52,30,9
66,43,36
66,57,16
51,5,4
49,72,46
23,69,12
3,52,45
31,17,27
70,30,25
18,9,7
46,30,27
42,55,23
49,24,21
73,53,37
61,5,14
75,58,3
27,40,16
18,5,13
31,69,52
18,20,31
66,4,12
63,40,13
23,12,15
48,73,20
4,46,20
26,34,10
19,43,13
30,12,5
43,2,48
37,16,8
67,13,2
27,11,11
70,35,17
74,8,17
19,39,12
51,23,9
69,63,15
40,30,28
49,60,5
66,15,7
64,15,17
50,75,12
38,14,15
71,54,4
16,53,10
13,65,3
18,64,1
17,1,26
47,61,14
49,70,16
67,27,10
58,44,4
52,33,18
72,5,2
11,46,8
36,4,14
37,7,12
53,2,1
59,70,16
70,54,3
49,2,8
27,70,11
23,54,2
51,40,10
10,59,22
75,13,1
25,58,20
61,1,19
72,62,3
48,3,13
37,59,10
73,16,5
74,33,5
77,55,2
65,27,2
50,55,1
36,11,3
34,55,7
68,53,14
40,16,14
75,40,4
63,2,4
40,5,10
13,29,9
12,59,11
20,26,20
73,57,3
26,50,1
11,42,4
49,25,8
26,73,2
57,48,1
36,5,8
34,52,5
68,26,3
63,11,1
58,11,4
45,25,2
62,55,1
2,52,3
69,19,2
35,64,9
9,72,2
54,34,3
45,64,1
,21,2
13,36,4
65,11,2
62,45,4
65,53,2
55,48,16
69,64,4
72,27,1
45,53,3
50,37,3
38,52,2
74,60,1
72,2,2
36,14,2
70,17,1
55,64,1
18,57,1
52,22,2
65,50,1
18,35,1
64,36,2
44,20,1
74,35,2
71,47,3
18,59,2
72,19,1
43,64,6
52,61,2
51,63,1
50,29,3
54,23,1
27,45,2
47,40,2
36,12,1
54,77,3
45,27,1
71,15,1
48,59,2
74,13,1
11,62,2
52,67,1
53,26,1
71,20,1
15,50,2
31,54,1
36,52,1
29,32,850
41,33,14106
41,64,87
41,48,470
41,3,1176
3,15,3998
21,6,41819
46,28,319
33,32,647210
33,5,4294
8,77,176827
8,59,6587
8,27,8522
6,5,207812
28,2,8613
28,21,19468
28,39,9089
28,11,2680
28,62,797
28,75,516
31,8,10806
31,22,2662
31,6,3184
31,7,1956
31,76,1552
31,77,462
22,32,55712
24,8,827159
2,5,3473
2,56,1054
2,28,4019
66,24,61
66,16,14
66,56,353
64,22,28
11,14,5246
11,32,1201
76,77,71246
76,1,35848
76,3,75845
76,9,7702
76,64,797
76,61,853
76,49,352
55,55,172
48,33,83
43,76,582
43,69,808
45,71,49
39,28,7709
42,43,1232
39,8,12645
39,76,4859
36,6,121
36,41,523
44,71,344
69,41,494
69,2,16
38,33,1628
38,32,2058
35,25,146
35,22,258
35,40,510
33,67,324
33,25,561
32,33,965921
32,7,868790
32,3,155044
32,60,33913
32,26,2408
32,11,7235
32,73,857
32,51,799
32,53,426
7,4,37902
34,66,68
34,42,219
7,35,2702
68,32,262
68,42,664
68,70,37
60,49,25
60,33,2020
7,39,2066
7,48,61
7,69,237
6,25,1541
6,31,9658
6,18,538
6,45,84
71,44,227
61,31,399
61,32,492
77,2,44670
77,38,181
1,1,110697
1,2,40535
1,22,2962
1,27,96
5,76,27593
24,70,133
5,34,253
5,23,1495
5,11,1152
4,13,5343
4,28,10066
4,20,494
58,24,170
58,8,367
22,2,3885
22,20,6798
22,31,6561
22,43,117
27,24,684
27,61,206
21,22,19938
21,3,4486
21,31,664
23,25,951
23,15,383
23,14,406
16,6,41465
16,22,11587
16,2,3806
16,27,199
16,41,222
13,49,1
57,33,223
57,77,27
65,65,1352
26,76,54
20,19,1079
25,32,611
25,31,50
25,10,62
12,24,207
12,5,134
19,10,176
56,74,1583
10,76,7284
10,32,825
10,77,305
17,19,420
14,35,169
29,66,36
29,15,33
41,57,89
54,54,176
3,44,251
46,29,21
31,27,185
31,20,94
31,12,20
72,72,628
2,27,60
66,38,29
63,29,31
48,39,86
48,56,151
43,31,72
43,6,135
45,3,16
42,73,52
39,68,578
36,8,899
38,66,168
38,1,28
38,26,49
40,2,19
35,51,40
35,69,596
33,11,360
49,76,102
32,55,271
37,28,240
37,39,106
53,28,185
68,67,189
60,39,106
60,38,108
60,40,61
77,40,56
67,8,323
67,51,213
67,69,83
75,68,22
59,72,8
59,21,35
4,49,25
58,7,140
27,23,325
70,41,26
21,29,162
16,60,178
62,41,145
62,8,931
57,61,44
20,2,57
25,66,41
15,42,593
15,27,33
56,50,141
56,44,974
56,37,191
17,13,35
9,2,37
14,75,11
72,41,46
72,73,35
63,44,14
63,22,33
11,23,252
43,49,260
43,26,34
45,6,6
42,1,38
38,4,16
35,18,1
53,8,35
53,32,163
68,16,12
71,8,154
61,30,143
59,65,18
5,59,166
21,34,184
57,62,80
12,25,59
14,37,7
14,59,87
52,42,10
52,44,9
46,71,57
2,69,33
66,62,57
30,64,42
11,31,74
45,66,10
42,37,72
39,59,212
39,10,19
44,60,19
37,77,6
34,2,110
53,41,29
60,15,49
6,48,109
61,14,15
61,23,34
77,70,26
75,44,71
1,67,17
27,71,9
57,63,38
25,44,36
25,34,31
25,70,31
12,21,145
15,43,21
29,44,21
52,51,10
76,55,37
51,42,37
44,70,69
44,10,2
49,64,4
53,31,4
6,49,113
61,46,15
61,64,24
24,54,19
13,19,134
65,41,36
72,70,26
30,39,30
30,20,45
64,41,21
38,59,36
68,30,11
70,69,34
26,18,2
31,11,46
75,67,15
4,52,13
70,36,7
9,28,28
9,22,27
52,45,7
63,39,11
30,54,11
37,76,26
1,49,19
58,77,33
22,55,2
27,49,32
23,58,51
14,49,33
54,30,10
52,76,25
31,75,11
66,49,23
43,21,10
42,59,23
68,13,2
71,26,18
59,51,9
70,60,11
57,25,17
10,71,4
63,77,15
45,50,16
71,49,73
5,40,18
58,19,34
21,50,4
25,40,28
48,24,17
34,53,25
,7,18
30,40,23
73,77,3
62,68,19
9,77,16
54,43,5
53,38,12
61,51,13
20,46,3
14,51,3
2,49,9
48,30,29
38,57,11
47,76,17
30,36,13
30,13,8
51,27,2
30,74,4
73,65,6
27,67,6
70,59,14
62,26,5
17,27,4
55,45,7
19,64,8
48,23,8
68,47,10
18,13,8
72,46,3
72,31,8
53,4,1
37,48,6
53,39,6
23,70,10
29,64,10
23,50,1
49,65,7
20,37,1
69,15,5
37,23,7
57,51,1
,56,10
29,62,16
15,49,3
10,30,4
17,35,1
52,35,9
11,73,1
13,63,3
30,55,1
59,50,1
65,36,2
2,62,5
73,27,4
20,58,16
72,66,13
23,51,10
49,16,5
73,55,1
74,12,1
13,67,4
26,60,3
63,1,6
9,26,1
58,50,2
48,19,4
63,26,6
11,37,2
73,31,4
26,46,2
72,38,5
38,13,7
64,68,6
20,35,4
73,20,1
59,54,1
9,19,10
2,54,2
10,42,4
72,10,1
12,53,2
71,11,1
55,36,2
58,53,1
64,51,3
49,62,3
75,47,2
55,40,1
48,54,1
12,36,1
62,36,3
66,11,1
63,75,3
51,22,2
47,72,2
27,9,1
4,74,1
50,5,1
73,2,2
63,13,1
73,26,2
62,10,1
55,5,1
67,10,1
57,55,1
38,12,2
29,52,1
47,63,1
14,21,4902
14,11,4168
6,8,1135262
41,68,1365
41,58,205
41,6,4685
41,37,1095
3,77,118773
3,76,39343
3,10,987
33,8,624596
8,13,8067
7,76,118746
28,22,105450
28,59,4891
28,45,478
28,36,2131
28,67,2126
28,18,372
31,32,10612
31,5,510
31,4,421
2,30,146
30,58,304
30,67,35
30,42,37
56,28,84709
11,22,1145
76,6,300549
76,29,942
48,35,60
45,69,143
39,39,15607
69,42,369
69,40,151
69,67,171
38,37,388
38,42,834
40,3,72
40,34,94
40,76,110
35,7,761
35,44,553
35,43,760
33,47,21
33,27,672
32,41,122451
49,50,102
49,71,63
37,66,41
34,24,2599
34,61,408
34,34,12345
34,35,2585
34,25,59
34,77,281
34,17,17
7,21,24898
60,60,10766
60,34,1486
73,28,186
7,60,3126
7,14,11745
7,2,10921
7,59,755
7,74,62
7,75,248
7,58,411
77,8,104935
6,58,663
6,30,1446
6,51,70
71,70,127
71,28,1256
71,35,64
77,4,48455
61,60,257
77,14,8157
77,9,135
77,56,7112
1,77,46960
1,64,25
59,58,1948
24,42,786
24,29,2414
24,37,157
5,1,5228
5,19,1074
5,2,5752
5,10,889
4,3,43074
4,6,48395
4,5,21596
4,24,15533
4,31,583
4,21,4690
4,15,2840
4,12,1313
22,12,795
22,19,8314
22,17,833
70,29,17
21,77,2311
21,15,4414
21,20,2183
21,17,1058
21,56,1142
23,5,434
23,22,4443
23,33,174
16,8,18912
16,17,2180
16,61,62
13,13,24740
13,77,2002
57,8,370
26,29,128
20,5,127
25,8,883
25,18,127
12,14,495
15,2,607
19,21,1263
19,24,991
19,26,51
19,28,672
56,71,1188
56,3,17486
56,31,5326
56,72,3957
56,21,3166
56,52,185
56,38,2330
56,25,2072
56,75,1515
18,76,279
10,9,652
10,1,217
10,28,970
10,21,373
17,18,210
17,7,85
14,9,168
3,46,175
46,77,10
2,39,52
30,33,146
30,18,21
76,52,154
76,71,306
51,49,66
51,56,67
43,56,869
42,69,453
50,43,49
36,7,112
38,49,151
38,27,40
38,16,22
35,56,2089
33,20,129
37,69,117
34,58,274
34,70,82
53,73,20
68,66,88
60,30,288
61,63,152
67,75,22
67,22,6
59,33,360
5,62,26
4,35,120
22,37,43
70,56,716
21,38,24
21,61,116
21,26,71
23,10,43
13,26,5
57,29,40
57,28,633
65,19,14
20,11,74
25,7,124
25,5,48
25,20,130
12,20,30
19,11,446
18,8,129
29,45,7
54,44,5
52,41,27
31,50,5
72,49,32
30,68,34
42,50,98
39,47,38
39,25,66
50,8,45
50,51,36
38,3,144
38,24,196
35,50,30
49,32,142
34,68,140
34,16,281
34,20,25
60,57,100
73,40,35
61,69,48
61,7,40
1,61,44
58,42,9
22,75,26
70,37,50
16,43,35
65,72,3
25,65,13
12,56,117
18,16,37
17,59,13
41,23,98
47,73,7
31,10,28
66,3,42
51,41,62
51,32,84
48,72,7
48,38,57
39,70,52
38,70,44
34,45,15
53,29,5
7,52,21
75,38,76
46,3,50
55,29,1
40,72,6
33,18,42
37,60,20
37,22,10
6,52,57
75,34,29
59,75,1
26,41,6
46,23,7
43,1,32
38,72,20
68,50,17
73,51,9
7,47,26
59,23,21
27,16,58
46,55,16
42,27,18
68,51,27
1,50,9
21,63,55
16,52,5
62,38,14
26,30,27
20,10,35
52,32,18
46,73,23
48,7,9
49,35,53
71,50,7
5,26,34
4,40,13
30,46,24
51,29,2
42,77,52
50,48,22
35,15,37
37,43,35
60,12,7
75,45,13
16,69,41
65,20,5
25,42,38
14,44,35
39,15,30
50,6,6
67,25,12
58,51,6
58,49,4
13,41,39
57,39,11
19,66,17
63,46,8
53,43,27
61,12,2
12,46,1
20,61,14
77,75,10
26,4,9
29,63,24
21,51,4
75,29,12
57,37,13
65,34,10
65,25,19
18,31,7
64,63,27
36,23,12
71,64,10
57,36,1
36,19,4
69,74,2
37,11,1
75,65,5
5,69,19
13,39,7
13,68,4
35,65,22
68,31,19
74,49,5
11,40,10
37,65,8
23,45,4
62,16,16
38,77,31
1,62,6
58,5,15
15,36,4
42,20,2
53,71,22
50,35,7
71,5,3
62,37,4
65,61,30
72,3,4
21,40,14
35,11,18
52,43,8
63,19,14
27,64,2
62,73,4
15,61,14
26,69,7
63,21,7
68,14,4
63,69,13
40,13,3
58,39,10
72,39,4
64,21,5
26,58,6
63,14,6
7,55,6
77,52,6
54,66,3
21,69,16
26,61,8
71,74,3
11,63,3
11,66,3
17,61,2
9,65,1
51,30,1
67,20,2
75,59,1
52,55,1
50,52,3
68,54,6
46,72,7
75,16,5
25,75,1
48,25,5
63,74,1
50,3,7
36,65,3
47,54,1
27,65,3
68,58,5
63,5,3
51,10,1
45,4,2
71,10,1
52,71,2
66,77,4
71,12,4
13,57,1
63,9,1
46,15,1
54,76,4
60,9,1
23,52,3
55,16,1
16,51,6
45,5,1
70,15,1
54,71,1
74,62,1
59,55,2
52,29,1
10,63,3
67,54,2
26,62,1
23,55,1
15,53,1
17,50,1
14,53,1
4,55,1
14,1,3212
14,10,867
14,23,1486
14,20,986
14,26,98
41,45,616
41,41,70703
41,76,18461
41,77,806
41,47,88
3,33,8466
5,4,30060
46,46,2014
46,24,27
47,47,224
8,76,1119023
8,24,1439689
8,25,7904
8,19,9731
8,58,4843
8,61,4633
8,68,1662
8,53,239
7,24,310043
6,16,83786
28,23,9447
28,4,24826
28,20,1713
28,61,5485
28,69,2539
28,55,88
31,39,266
31,3,857
31,29,357
2,76,10569
2,11,1034
66,22,19
63,27,19
30,25,169
30,24,310
30,8,724
57,57,2272
56,24,54355
11,4,3805
11,19,2617
76,24,142489
76,28,212862
76,25,3916
76,27,1110
76,59,1195
51,76,47
48,69,148
43,33,972
45,41,211
42,33,655
42,38,869
42,24,320
39,56,5307
39,73,102
39,61,495
36,28,707
44,45,269
44,49,527
44,35,388
44,34,170
44,38,238
38,8,1577
38,69,413
35,32,23642
35,8,15223
35,76,2293
35,60,1067
35,10,24
35,13,36
35,14,51
33,23,704
33,13,355
33,37,357
33,71,321
32,28,2979438
32,56,302787
32,30,9635
32,38,13997
32,44,2779
34,28,13384
34,60,2678
34,7,1701
34,56,1260
60,65,39
60,76,1158
60,41,408
7,12,1856
77,32,70102
6,15,13843
6,60,4284
6,75,173
6,64,541
6,36,316
61,61,4581
77,23,721
1,33,1203
1,11,680
1,5,3347
24,10,2372
24,66,339
24,62,233
5,60,350
5,58,56
4,11,2919
4,1,9768
4,30,145
58,2,62
22,56,7404
22,15,5324
22,14,7522
22,38,186
21,76,7998
70,33,202
21,7,10974
23,27,381
23,77,230
16,12,1366
16,62,22
13,3,1392
13,24,409
57,59,90
57,56,595
20,7,837
20,77,61
20,30,57
15,15,32414
25,15,284
25,27,242
12,4,441
12,8,659
15,16,5327
15,12,466
15,10,886
19,16,1064
19,6,574
19,22,1794
19,20,791
56,39,9483
56,58,1562
56,18,197
56,68,496
56,51,270
18,6,38
10,46,6
10,13,182
17,24,193
9,9,826
14,41,152
14,30,195
41,11,53
41,50,126
3,72,37
3,38,293
66,68,73
63,61,110
63,24,45
63,70,32
30,34,73
64,28,236
51,52,11
48,43,423
43,3,151
43,47,89
45,49,73
42,21,29
42,13,22
42,15,565
50,28,37
44,52,6
69,66,73
69,33,291
69,56,253
35,16,116
33,9,104
37,53,20
37,68,147
34,29,157
53,61,7
68,35,118
68,49,115
73,38,36
7,53,18
7,65,107
6,26,216
71,29,41
71,3,43
71,42,57
77,29,224
77,73,62
67,66,101
1,44,86
24,75,114
4,63,15
4,17,374
58,63,107
22,57,178
27,1,32
70,71,104
74,56,66
23,76,770
62,5,38
62,56,602
57,3,34
65,44,9
65,21,103
20,41,12
25,68,278
19,58,89
41,59,294
46,50,32
31,35,475
63,66,143
63,60,69
48,42,158
42,49,280
39,57,74
50,32,48
36,27,14
69,6,45
38,50,59
40,46,46
49,46,67
34,64,40
77,61,88
67,61,59
75,76,53
75,33,34
59,38,19
24,50,41
5,42,66
27,41,39
27,3,209
23,36,4
65,8,199
26,77,18
19,31,71
9,3,11
29,2,35
29,60,66
29,5,60
54,14,1
3,51,33
46,7,200
47,8,48
47,28,20
63,59,67
63,25,14
51,39,19
43,27,41
45,76,44
36,48,37
36,73,49
53,75,32
7,45,45
59,66,32
4,58,47
21,39,52
74,75,19
23,64,5
25,73,10
54,55,12
46,40,24
48,53,17
69,7,33
37,62,6
34,48,27
34,75,73
61,48,10
5,36,23
70,63,21
25,61,23
25,12,14
15,62,25
19,36,1
18,23,28
39,21,69
36,45,19
69,36,50
40,70,47
33,74,53
60,5,90
71,60,10
75,74,25
4,61,51
58,29,56
57,6,53
65,51,6
,33,14
41,26,32
31,71,47
43,57,9
39,1,116
36,77,39
36,16,21
49,77,13
61,36,28
75,53,25
24,51,54
5,67,16
21,62,10
62,14,15
62,63,82
57,38,7
20,42,3
20,50,3
,3,3
50,56,30
49,4,15
68,59,9
62,59,20
10,23,42
9,14,17
29,37,7
46,34,24
30,15,33
64,43,1
48,34,23
73,45,8
27,74,3
65,13,2
25,49,42
25,37,19
55,3,9
43,63,27
68,2,11
75,52,2
62,42,27
25,39,14
47,48,23
33,52,62
5,65,22
21,66,23
21,71,9
18,77,18
69,60,28
5,57,24
21,43,37
20,63,15
19,40,5
64,60,26
42,23,20
59,20,9
25,41,33
19,67,10
37,46,8
37,72,8
75,35,9
19,63,18
10,49,3
10,20,30
47,35,9
44,4,8
49,63,2
53,35,8
68,77,15
26,72,2
54,32,9
40,59,6
71,2,5
65,15,2
40,21,5
60,17,12
58,13,3
65,43,17
59,42,12
46,14,3
37,36,15
12,39,3
72,35,7
70,49,13
59,37,11
37,75,12
65,42,13
30,69,30
36,57,7
1,37,9
40,75,20
17,69,6
36,1,16
62,12,2
14,46,16
3,75,16
47,38,13
50,54,15
35,55,3
49,74,5
6,54,15
74,41,1
74,2,1
36,10,2
17,34,7
68,1,10
46,2,12
66,13,3
53,46,4
36,13,3
37,20,1
53,45,16
53,40,5
46,19,2
11,35,6
40,1,9
22,54,3
65,49,5
72,77,1
73,14,2
43,11,4
61,47,2
17,52,1
39,54,4
3,54,4
70,5,3
61,55,6
42,11,5
50,31,2
58,12,3
51,62,1
48,20,1
44,12,1
55,69,7
64,38,3
36,64,1
27,36,6
65,5,7
20,40,1
74,3,1
72,29,3
36,17,3
47,37,2
10,48,2
54,73,1
73,47,3
20,72,1
48,63,3
45,13,1
55,77,2
74,6,2
14,55,1
10,65,3
49,59,2
,1,1
20,74,1
65,12,1
